polygon_id;coordinates
geoJsonData1;74.35153726989364,31.58215132159532@74.35160017730564,31.581784651067153@74.3517028157134,31.581801574354472@74.3517028157134,31.581826959278487@74.35197099994096,31.58184952365042@74.35198093268991,31.581807215449345@74.35243452823713,31.581860805833927@74.35237162082515,31.5822274760625@74.35218620950747,31.582213373388413@74.35216303309124,31.582275425140153@74.35198424360621,31.582258501938824@74.35197099994096,31.58221055285331@74.35153726989364,31.58215132159532
geoJsonData2;74.37510103046611,31.592582544991814@74.37510103046611,31.59117972230672@74.37810307533957,31.59117972230672@74.37810307533957,31.592582544991814@74.37510103046611,31.592582544991814
geoJsonData3;74.35159124897135,31.582066440862604@74.3516156812907,31.581886055551152@74.35198488076713,31.581929995594777@74.35199302487308,31.581904556625076@74.3523595096475,31.581939246128172@74.35233236262778,31.582121943965205@74.3519658778533,31.582080316640983@74.35195230434181,31.582108068192298@74.35159124897135,31.582066440862604
polygon_xepdavy4;74.35072856445063,31.581338044996315@74.350672642229,31.581330898995645@74.35070619556271,31.58106887858655@74.35076771000456,31.58106887858655@74.35077050611562,31.581035530481756@74.35093827278047,31.581049822528527@74.35093547666949,31.581087934641374@74.35113120444262,31.581106990692348@74.35113959277729,31.58105220453598@74.35154782499129,31.581097462666975@74.35154223276925,31.58115463080155@74.35166246554553,31.581168922830088@74.35165407721254,31.58120465289072@74.35162611610087,31.581207034894234@74.3515953588799,31.581419032967673@74.35156739776824,31.581430942957184@74.35155621332427,31.58148572889091@74.35143877666073,31.58147620090429@74.35142479610408,31.5815309868114@74.35113120444262,31.581495256875854@74.35112840833165,31.581461908923615@74.3507201761177,31.581407122975875@74.35072856445063,31.581338044996315
polygon_zkxxqljx;74.35077609833925,31.581318988992606@74.35080685556022,31.581137956766327@74.35119551499724,31.581178450847418@74.35120390333023,31.58115701280633@74.35153943665827,31.58120227088719@74.3515114755483,31.581383302988513@74.35116196166527,31.5813451909964@74.3511591655543,31.581364246994767@74.35077609833925,31.581318988992606
